No.,Image,Url,Description
1,,https://afamilycdn.com/150157425591193600/2021/4/7/16557126334724683728580596441680069242913191n-16177906192171729984129.jpg,
2,,http://www.savourydays.com/wp-content/uploads/2011/05/Thit-xien-nuong.jpg,
3,,https://i.pinimg.com/474x/72/60/19/726019c3c45817e72a61995c72d72f80.jpg,
4,,http://www.ricenflour.com/wp-content/uploads/2016/04/skewer-grill-pork-recipe.jpg,
5,,https://www.cet.edu.vn/wp-content/uploads/2018/04/thit-xien-nuong-rau-cu.jpg,
6,,https://cookbeo.com/media/2020/10/thit-xien-nuong/que-thit-xien-nuong.jpg,
7,,https://trivietphat.net/wp-content/uploads/2021/09/cach-lam-thit-xay-nuong-xien-que.webp,
8,,https://cdn.eva.vn//upload/1-2016/images/2016-01-31/1454210188-thit-heo-nuong-curry--5-.jpg,
9,,https://daylambanh.edu.vn/wp-content/uploads/2020/02/uop-thit-nuong-ngon.jpg,
10,,https://i.pinimg.com/474x/81/bf/93/81bf93ee7d31ff86de44badd652ea701.jpg,
11,,https://i0.wp.com/www.sophielaetitia.blog/wp-content/uploads/2019/01/IMG_0802.jpg?resize=1440%2C1600&ssl=1,
12,,https://i.pinimg.com/474x/35/0f/a6/350fa6dc6dcd6c21f90d50f0d94bf0ae.jpg,
13,,https://i.pinimg.com/originals/82/58/48/825848eda1fb9f8fdcfea6f4dcf4d648.jpg,
14,,"https://hips.hearstapps.com/hmg-prod/images/grilled-pork-chops-lead-663546fd91db6.jpg?crop=1xw:0.9995105237395986xh;center,top&resize=980:*",
15,,https://cravingtasty.com/wp-content/uploads/2018/02/Broiled-Pork-Chops-Creole-Style-370-330x330.jpg,
16,,https://i.pinimg.com/474x/39/71/e5/3971e5c718d1fdd5bdcdfe573e715d65.jpg,
17,,https://static01.nyt.com/images/2016/12/07/dining/07ENTERTAINING3/07ENTERTAINING3-verticalTwoByThree735.jpg,
18,,https://hips.hearstapps.com/del.h-cdn.co/assets/17/15/honey-soy-sauce-pork-chops.jpg?resize=480:*,
19,,https://cdn.sanity.io/images/8ngmz6db/production/a579d2e26e157fa88e789a1e1da545c845850298-1024x1024.webp,
20,,https://i.pinimg.com/originals/90/70/7d/90707de51f3baacd63c2fc66db85c9ab.jpg,
21,,https://i.pinimg.com/474x/cb/9a/d7/cb9ad73cba33901e3c1f19aab7199e85.jpg,
22,,https://recipes.net/wp-content/uploads/2024/01/how-to-grill-pork-chops-with-bone-1705413679.jpg,
23,,https://globalanimalpartnership.org/wp-content/uploads/2022/09/GreekPorkChops_1000x1000.jpg,
24,,https://i.pinimg.com/originals/2a/df/48/2adf484d8d0292b3892b8c6ae96de6ae.jpg,
25,,https://recipes.net/wp-content/uploads/2023/12/how-to-cook-a-shoulder-steak-1701677324.jpg,
26,,https://www.spoonforkbacon.com/wp-content/uploads/2013/07/pork-chops1-600x600.jpg,
27,,https://i.pinimg.com/originals/d9/10/59/d910596a5faf6436ecf1c970f8fcf20b.jpg,
28,,https://i.pinimg.com/474x/fc/6f/39/fc6f39b990fe4e07f2bd868f4516b799.jpg,
29,,https://ediblephoenix.ediblecommunities.com/sites/default/files/images/recipe/pork-chops.jpg,
30,,https://www.jocooks.com/wp-content/uploads/2022/07/grilled-pork-chops-1-7-650x813.jpg,
31,,https://i.pinimg.com/474x/ed/04/2b/ed042b0d2cf53d3888028e65bd2a032d.jpg,
32,,https://i.pinimg.com/originals/55/6a/14/556a148e3bb4cad3b9bfd75a5b11acd5.png,
33,,https://i.pinimg.com/474x/8d/45/75/8d457557e8374a7828bfebfae16f81aa.jpg,
34,,https://i.pinimg.com/474x/ea/a8/2e/eaa82e9260df2f032c33c72a291e0cfa.jpg,
35,,https://www.spoonforkbacon.com/wordpress/wp-content/uploads/2015/07/grilled_pork.jpg,
36,,http://4.bp.blogspot.com/-ry3xKStlKLU/VSIJYeFRjII/AAAAAAAAAmM/jlz-qtQ0bOk/s1600/GRILLED%2BPORK%2BBELLY.jpg,
37,,https://www.kingsford.com/wp-content/uploads/2023/05/KFD_GrilledPorkBelly_3qtr_s03_72-Desktop.jpg,
38,,http://www.spoonforkbacon.com/wordpress/wp-content/uploads/2015/07/pork_belly_grilled.jpg,
39,,https://easyhealthyrecipes.com/wp-content/uploads/2022/07/Grilled-Pork-Belly-10.jpg,
40,,https://i.redd.it/mdneir74fsdz.jpg,
41,,https://agrillforallseasons.com/wp-content/uploads/2022/04/smoked-pork-belly-1-2.jpg,
42,,https://i.pinimg.com/originals/2c/cd/60/2ccd60c03bea249f09ac3c4e09102a09.jpg,
43,,https://i.pinimg.com/474x/fd/fc/89/fdfc89ca8024c670c8ea915fb5783a99.jpg,
44,,https://i.pinimg.com/474x/93/32/10/93321038edeeb6745260854980bd2793.jpg,
45,,http://kulugo.files.wordpress.com/2011/01/img_0001.jpg,
46,,https://easyhealthyrecipes.com/wp-content/uploads/2022/07/Grilled-Pork-Belly-02.jpg,
47,,https://i.pinimg.com/474x/13/61/38/136138fc8064c5f3cc24aa39bb783931.jpg,
48,,https://i0.wp.com/yummyfood.ph/wp-content/uploads/2022/06/grilled-pork-belly-pork-liempo.jpg?w=768&ssl=1,
49,,https://easyhealthyrecipes.com/wp-content/uploads/2022/07/Grilled-Pork-Belly-06.jpg,
50,,https://foodland.com/wp-content/uploads/2023/04/Grilled-BBQ-Pork-Belly.jpg,
51,,http://barefeetinthekitchen.com/wp-content/uploads/2014/09/chili-glazed-pork-belly-1.jpg,
52,,https://cravingtasty.com/wp-content/uploads/2020/05/Grilled-pork-chops.jpg,
53,,https://bunnyswarmoven.net/wp-content/uploads/2018/06/IMG_4427.jpg,
54,,https://bunnyswarmoven.net/wp-content/uploads/2017/08/2017-08-16_7288-4-1.jpg,
55,,http://www.itisakeeper.com/wp-content/uploads/2010/03/Grilled-Pork-tenderloin-marinade-HERO.jpg,
56,,https://tipbuzz.com/wp-content/uploads/Pork-Chop-Marinade-1-1.jpg,
57,,https://dinnerthendessert.com/wp-content/uploads/2019/05/Grilled-Pork-Tenderloin-2.jpg,
58,,https://eatwhatweeat.com/wp-content/uploads/2022/04/pork-loin-marinade-grill-luxury-best-grilled-pork-tenderloin-recipe-ever-with-marinade-of-pork-loin-marinade-grill.jpg,
59,,https://i.pinimg.com/originals/62/cf/2f/62cf2fd62116a15a9462bd4cffdaac98.png,
60,,https://grillingsmokingliving.com/wp-content/uploads/2021/06/Pork-Chop-Marinade-3-1025x1536.jpg,
61,,https://www.wellplated.com/wp-content/uploads/2021/07/Plain-Grilled-Pork-Chops.jpg,
62,,https://www.recipetineats.com/wp-content/uploads/2017/08/Marinated-Pork-Chops-2-1.jpg?resize=650,
63,,https://carlsbadcravings.com/wp-content/uploads/2020/08/Porkchop-Marinade-v8.jpg,
64,,https://sweetandsavorymeals.com/wp-content/uploads/2019/05/Grilled-Pork-Tenderloin-Recipe-4.jpg,
65,,http://www.doitallworkingmom.com/wp-content/uploads/2016/06/Grilled-Pork-Tenderloin.jpg,
66,,http://buythiscookthat.com/wp-content/uploads/2018/03/Pork-Chop-Marinade-6.jpg,
67,,https://kristineskitchenblog.com/wp-content/uploads/2022/05/pork-chop-marinade-03-2.jpg,
68,,https://www.itisakeeper.com/wp-content/uploads/2010/03/grilled-pork-tednerloin-marinade-SQ.jpg,
69,,https://i.pinimg.com/474x/b7/2d/74/b72d7487da9d384d641bec4113909668.jpg,
70,,https://i.pinimg.com/474x/22/f0/5f/22f05f38a3c57ec8fb8db6a14d802ee6.jpg,
71,,https://i.pinimg.com/474x/e8/99/9b/e8999b59cbb88eddc6c07a70d601795d.jpg,
72,,https://s3.amazonaws.com/tvf-images/prod/p5def51cf9ceda403770e8000.jpg,
73,,https://danviet.mediacdn.vn/296231569849192448/2021/12/17/lam-thit-xien-nuong-1639675677769673668624.jpg,
74,,https://www.adcfoods.com/wp-content/uploads/2021/01/nuong-thit-xien-tren-bep-than.jpg,
75,,https://www.huongnghiepaau.com/wp-content/uploads/2022/08/thit-xien-nuong-bang-noi-chien-khong-dau.jpg,
76,,https://digifood.vn/blog/wp-content/uploads/2021/10/thit-nac-vai-lam-mon-gi-ngon-cach-lam-thit-xien-nuong.jpg,
77,,https://dammenaunuong.com/wp-content/uploads/2020/11/thit-ba-chi-uop-ruou-tao-meo-nuong-29115.jpg,
78,,https://www.lorca.vn/wp-content/uploads/2022/04/Cach-lam-thit-xien-nuong-bang-chao.jpg,
79,,https://nauankhongkho.com/wp-content/uploads/2015/09/cach_lam_thit_xien_nuong_thom_ngon_dung_chat_ha_noi_71.jpg,
80,,https://bepmina.vn/wp-content/uploads/2023/03/thit-xien-nuong-noi-chien-khong-dau-1024x576.jpeg,
81,,https://cdn.netspace.edu.vn/images/2018/10/28/cach-lam-thit-heo-nuong-xien-mem-dai-thom-ngon-1-1024.jpg,
82,,https://nhahangdalat.info/wp-content/uploads/2017/09/bo-nuong-xien-rau-cu-dalat-nhahangdalat.info-02.jpg,
83,,https://cdn.tgdd.vn/2022/08/CookRecipe/Avatar/thit-xien-nuong-rau-cu-thumbnail-1.jpg,
84,,http://3.bp.blogspot.com/-uifrqrnPsjQ/VkVG3vIJH6I/AAAAAAAABMU/nHcB_IYdMl0/s1600/thit-xien-nuong-BBQ-imonanngon.jpg,
85,,https://cdn.tgdd.vn/2020/07/CookRecipe/Avatar/thit-xien-nuong-rau-cu-thumbnail.jpg,
86,,https://kenh14cdn.com/2017/thitxienhamlonginsta-1511050253292.jpg,
87,,https://www.iunauan.com/wp-content/uploads/2015/03/anh13.jpg,
88,,https://i.pinimg.com/474x/d7/15/44/d715446fa5548597cd0b9a4fac64a978.jpg,
89,,https://media.vov.vn/sites/default/files/styles/large/public/2020-10/cach-lam-thit-xien-nuong-4.jpg,
90,,https://i.ytimg.com/vi/4Wmk5TXY1k8/maxresdefault.jpg,
91,,https://cdn.tgdd.vn/2021/08/CookProduct/1200-1200x676-85.jpg,
92,,https://icdn.one/upload/2021/01/21/20210121133603-b906fe1e.png,
93,,https://congthucmonngon.com/wp-content/uploads/2022/04/thit-xien-nuong-mat-ong.jpg,
94,,https://cdn.tgdd.vn/Files/2020/01/05/1230063/2-cach-lam-thit-xien-nuong-cuc-ngon-voi-cong-thuc-uop-thit-dam-da-5.jpg,
95,,https://cookbeo.com/media/2020/10/thit-xien-nuong/thit-xien-nuong-4x3.jpg,
96,,https://product.hstatic.net/200000522115/product/thit-xien-nuong_76390c76efbc4df286df83e48b29101d.png,
97,,https://kenh14cdn.com/2017/1k14-1511050253247.jpg,
98,,https://media.2dep.vn/upload/quynhanh.ng/2020/10/05/top-7-hang-thit-xien-nuong-ngon-nuc-long-nguoi-ha-noi-1601911024-1.jpg,
99,,https://nhabep24h.com/wp-content/uploads/thit-bo-xien-nuong-rau-cu.jpg,
100,,https://thucthan.com/media/2018/05/thit-xien-nuong/nuong-thit.jpg,
101,,https://i.pinimg.com/474x/1a/99/b9/1a99b9ce04f34b6e5e322f772446e191.jpg,
102,,https://farm2.staticflickr.com/1491/26290811415_92d23ebeec_c.jpg,
103,,https://i.pinimg.com/236x/93/32/10/93321038edeeb6745260854980bd2793.jpg,
104,,https://i.pinimg.com/236x/c2/e0/a9/c2e0a9fe725ddb3b6ebbd4f7e6333b3a.jpg,
105,,https://giadinh.mediacdn.vn/296230595582509056/2022/6/14/thit-quay-ngon-thanh-pham-1-16551893332381605371136.jpg,
106,,https://danviet.mediacdn.vn/296231569849192448/2022/5/24/lam-thit-heo-quay-gion-bi-4-1653377150484743081769.jpg,
107,,https://bepmina.vn/wp-content/uploads/2021/07/cach-lam-thit-quay-gion-bi.jpeg,
108,,https://i.pinimg.com/236x/e2/76/50/e276508be1159dd0565ab5e560a8e908.jpg,
109,,https://static-images.vnncdn.net/files/publish/2022/10/2/cach-lam-mon-thit-ba-chi-chien-mam-van-nguoi-me-dc0f9557a6504d2cbfc2f21e04a25a74.jpg,
110,,https://i.pinimg.com/474x/61/ae/d5/61aed5a279b2695255109e8e5b18f1ee.jpg,
111,,https://ttol.vietnamnetjsc.vn/images/2022/02/11/07/48/thit-heo-quay-1.jpg,
112,,https://i.ytimg.com/vi/x56JojQRJCI/maxresdefault.jpg,
113,,https://bepxua.vn/wp-content/uploads/2020/07/cach-lam-thit-heo-chien-nuoc-mam-ngon-5.jpg,
114,,https://cdn.pastaxi-manager.onepas.vn/content/uploads/articles/vuvu/1-1-vietnam-938/blog/thit-ba-chi-chien-gion-bi/bi-quyet-mon-thit-ba-chi-chien-gion-bi-ngon-ngay-ngat-cho-bua-com-cuoi-tuan-1.jpg,
115,,https://i.pinimg.com/474x/cb/7b/5f/cb7b5f021d55a92682733c9c0b9b4c3b.jpg,
116,,https://i.ytimg.com/vi/vow01eWw0-I/maxresdefault.jpg,
117,,https://www.pho777cr.com/wp-content/uploads/2021/11/Spring-Rolls.jpg,
118,,https://i.pinimg.com/474x/54/1a/e5/541ae5b9095ce207e941dcf0f3fac1dd.jpg,
119,,https://cdn.tgdd.vn/Files/2021/08/26/1378142/chi-tiet-cach-lam-thit-quay-gion-bi-bang-lo-nuong-202108262357027191.jpg,
120,,https://cdn-together.hellohealthgroup.com/2023/12/1702955450_658109bad52b43.96123371,
121,,https://bepmina.vn/wp-content/uploads/2021/07/thit-quay-gion-bi-bang-lo-nuong.jpeg,
122,,https://beptot.vn/Data/upload/images/cach-lam-thit-quay-gion-bi-bang-lo-nuong-1.jpg,
123,,http://www.savourydays.com/wp-content/uploads/2016/05/c%C3%A1ch-l%C3%A0m-th%E1%BB%8Bt-quay-gi%C3%B2n-b%C3%AC-1024x681.jpg,
124,,https://img.meta.com.vn/Data/image/2018/10/10/cach-lam-thit-heo-quay-gion-bi-thanh-pham.jpg,
125,,https://ineons-cdn-01.sfo2.digitaloceanspaces.com/live-ineons/product_images/grilledpork.png,
126,,https://halotravel.vn/wp-content/uploads/2020/04/mon-ngon-tu-noi-chien-khong-dau-5-768x816.jpg,
127,,https://i.pinimg.com/474x/ba/0e/00/ba0e00fec3ebd481eac088ab78853070.jpg,
128,,https://i.pinimg.com/474x/7b/68/1c/7b681c96a0f4c94462f6acde6db0e6ea.jpg,
129,,https://i.vietgiaitri.com/2021/12/18/goi-y-4-cach-lam-thit-heo-nuong-hap-dan-cho-cuoi-tuan-se-lanh-38d-6217184.jpg,
130,,https://cdn2.fptshop.com.vn/unsafe/Uploads/images/tin-tuc/177009/Originals/thit-lon-nuong-8.jpg,
